ctry,country,year,latest_year,oecd,lac,eprc_v1,eprc_v2,eprc_v3,epr_v1,epr_v3,epc,ept_v1,ept_v3
AUS,Australia,1985,0,1,0,1.17,,,1.17,,,0.88,
AUS,Australia,1986,0,1,0,1.17,,,1.17,,,0.88,
AUS,Australia,1987,0,1,0,1.17,,,1.17,,,0.88,
AUS,Australia,1988,0,1,0,1.17,,,1.17,,,0.88,
AUS,Australia,1989,0,1,0,1.17,,,1.17,,,0.88,
AUS,Australia,1990,0,1,0,1.17,,,1.17,,,0.88,
AUS,Australia,1991,0,1,0,1.17,,,1.17,,,0.88,
AUS,Australia,1992,0,1,0,1.17,,,1.17,,,0.88,
AUS,Australia,1993,0,1,0,1.17,,,1.17,,,0.88,
AUS,Australia,1994,0,1,0,1.17,,,1.17,,,0.88,
AUS,Australia,1995,0,1,0,1.17,,,1.17,,,0.88,
AUS,Australia,1996,0,1,0,1.17,,,1.17,,,0.88,
AUS,Australia,1997,0,1,0,1.42,,,1.42,,,0.88,
AUS,Australia,1998,0,1,0,1.42,1.83,,1.42,,2.88,0.88,
AUS,Australia,1999,0,1,0,1.42,1.83,,1.42,,2.88,0.88,
AUS,Australia,2000,0,1,0,1.42,1.83,,1.42,,2.88,0.88,
AUS,Australia,2001,0,1,0,1.42,1.83,,1.42,,2.88,0.88,
AUS,Australia,2002,0,1,0,1.42,1.83,,1.42,,2.88,0.88,
AUS,Australia,2003,0,1,0,1.42,1.83,,1.42,,2.88,0.88,
AUS,Australia,2004,0,1,0,1.42,1.83,,1.42,,2.88,0.88,
AUS,Australia,2005,0,1,0,1.42,1.83,,1.42,,2.88,0.88,
AUS,Australia,2006,0,1,0,1.42,1.83,,1.42,,2.88,0.88,
AUS,Australia,2007,0,1,0,1.17,1.65,,1.17,,2.88,0.88,
AUS,Australia,2008,0,1,0,1.17,1.65,1.63,1.17,1.13,2.88,0.88,0.79
AUS,Australia,2009,0,1,0,1.17,1.65,1.63,1.17,1.13,2.88,0.88,0.79
AUS,Australia,2010,0,1,0,1.67,2.01,1.99,1.67,1.63,2.88,0.88,1.04
AUS,Australia,2011,0,1,0,1.67,2.01,1.99,1.67,1.63,2.88,0.88,1.04
AUS,Australia,2012,0,1,0,1.67,2.01,1.99,1.67,1.63,2.88,0.88,1.04
AUS,Australia,2013,1,1,0,1.67,2.01,1.94,1.67,1.57,2.88,0.88,1.04
AUT,Austria,1985,0,1,0,2.75,,,2.75,,,1.31,
AUT,Austria,1986,0,1,0,2.75,,,2.75,,,1.31,
AUT,Austria,1987,0,1,0,2.75,,,2.75,,,1.31,
AUT,Austria,1988,0,1,0,2.75,,,2.75,,,1.31,
AUT,Austria,1989,0,1,0,2.75,,,2.75,,,1.31,
AUT,Austria,1990,0,1,0,2.75,,,2.75,,,1.31,
AUT,Austria,1991,0,1,0,2.75,,,2.75,,,1.31,
AUT,Austria,1992,0,1,0,2.75,,,2.75,,,1.31,
AUT,Austria,1993,0,1,0,2.75,,,2.75,,,1.31,
AUT,Austria,1994,0,1,0,2.75,,,2.75,,,1.31,
AUT,Austria,1995,0,1,0,2.75,,,2.75,,,1.31,
AUT,Austria,1996,0,1,0,2.75,,,2.75,,,1.31,
AUT,Austria,1997,0,1,0,2.75,,,2.75,,,1.31,
AUT,Austria,1998,0,1,0,2.75,2.89,,2.75,,3.25,1.31,
AUT,Austria,1999,0,1,0,2.75,2.89,,2.75,,3.25,1.31,
AUT,Austria,2000,0,1,0,2.75,2.89,,2.75,,3.25,1.31,
AUT,Austria,2001,0,1,0,2.75,2.89,,2.75,,3.25,1.31,
AUT,Austria,2002,0,1,0,2.75,2.89,,2.75,,3.25,1.31,
AUT,Austria,2003,0,1,0,2.37,2.62,,2.37,,3.25,1.31,
AUT,Austria,2004,0,1,0,2.37,2.62,,2.37,,3.25,1.31,
AUT,Austria,2005,0,1,0,2.37,2.62,,2.37,,3.25,1.31,
AUT,Austria,2006,0,1,0,2.37,2.62,,2.37,,3.25,1.31,
AUT,Austria,2007,0,1,0,2.37,2.62,,2.37,,3.25,1.31,
AUT,Austria,2008,0,1,0,2.37,2.62,2.44,2.37,2.12,3.25,1.31,2.17
AUT,Austria,2009,0,1,0,2.37,2.62,2.44,2.37,2.12,3.25,1.31,2.17
AUT,Austria,2010,0,1,0,2.37,2.62,2.44,2.37,2.12,3.25,1.31,2.17
AUT,Austria,2011,0,1,0,2.37,2.62,2.44,2.37,2.12,3.25,1.31,2.17
AUT,Austria,2012,0,1,0,2.37,2.62,2.44,2.37,2.12,3.25,1.31,2.17
AUT,Austria,2013,1,1,0,2.37,2.62,2.44,2.37,2.12,3.25,1.31,2.17
BEL,Belgium,1985,0,1,0,1.85,,,1.85,,,4.63,
BEL,Belgium,1986,0,1,0,1.85,,,1.85,,,4.63,
BEL,Belgium,1987,0,1,0,1.85,,,1.85,,,4.63,
BEL,Belgium,1988,0,1,0,1.85,,,1.85,,,4.63,
BEL,Belgium,1989,0,1,0,1.85,,,1.85,,,4.63,
BEL,Belgium,1990,0,1,0,1.85,,,1.85,,,4.63,
BEL,Belgium,1991,0,1,0,1.85,,,1.85,,,4.63,
BEL,Belgium,1992,0,1,0,1.85,,,1.85,,,4.63,
BEL,Belgium,1993,0,1,0,1.85,,,1.85,,,4.63,
BEL,Belgium,1994,0,1,0,1.85,,,1.85,,,4.63,
BEL,Belgium,1995,0,1,0,1.85,,,1.85,,,4.63,
BEL,Belgium,1996,0,1,0,1.85,,,1.85,,,4.63,
BEL,Belgium,1997,0,1,0,1.85,,,1.85,,,4.63,
BEL,Belgium,1998,0,1,0,1.85,2.78,,1.85,,5.13,2.38,
BEL,Belgium,1999,0,1,0,1.85,2.78,,1.85,,5.13,2.38,
BEL,Belgium,2000,0,1,0,1.85,2.78,,1.85,,5.13,2.38,
BEL,Belgium,2001,0,1,0,1.89,2.82,,1.89,,5.13,2.38,
BEL,Belgium,2002,0,1,0,1.89,2.82,,1.89,,5.13,2.38,
BEL,Belgium,2003,0,1,0,1.89,2.82,,1.89,,5.13,2.38,
BEL,Belgium,2004,0,1,0,1.89,2.82,,1.89,,5.13,2.38,
BEL,Belgium,2005,0,1,0,1.89,2.82,,1.89,,5.13,2.38,
BEL,Belgium,2006,0,1,0,1.89,2.82,,1.89,,5.13,2.38,
BEL,Belgium,2007,0,1,0,1.89,2.82,,1.89,,5.13,2.38,
BEL,Belgium,2008,0,1,0,1.89,2.82,2.99,1.89,2.14,5.13,2.38,2.42
BEL,Belgium,2009,0,1,0,1.89,2.82,2.99,1.89,2.14,5.13,2.38,2.42
BEL,Belgium,2010,0,1,0,2.08,2.95,3.13,2.08,2.33,5.13,2.38,2.42
BEL,Belgium,2011,0,1,0,2.08,2.95,3.13,2.08,2.33,5.13,2.38,2.42
BEL,Belgium,2012,0,1,0,1.89,2.82,2.99,1.89,2.14,5.13,2.38,2.42
BEL,Belgium,2013,1,1,0,1.89,2.82,2.99,1.89,2.14,5.13,2.38,2.42
CAN,Canada,1985,0,1,0,0.92,,,0.92,,,0.25,
CAN,Canada,1986,0,1,0,0.92,,,0.92,,,0.25,
CAN,Canada,1987,0,1,0,0.92,,,0.92,,,0.25,
CAN,Canada,1988,0,1,0,0.92,,,0.92,,,0.25,
CAN,Canada,1989,0,1,0,0.92,,,0.92,,,0.25,
CAN,Canada,1990,0,1,0,0.92,,,0.92,,,0.25,
CAN,Canada,1991,0,1,0,0.92,,,0.92,,,0.25,
CAN,Canada,1992,0,1,0,0.92,,,0.92,,,0.25,
CAN,Canada,1993,0,1,0,0.92,,,0.92,,,0.25,
CAN,Canada,1994,0,1,0,0.92,,,0.92,,,0.25,
CAN,Canada,1995,0,1,0,0.92,,,0.92,,,0.25,
CAN,Canada,1996,0,1,0,0.92,,,0.92,,,0.25,
CAN,Canada,1997,0,1,0,0.92,,,0.92,,,0.25,
CAN,Canada,1998,0,1,0,0.92,1.51,,0.92,,2.97,0.25,
CAN,Canada,1999,0,1,0,0.92,1.51,,0.92,,2.97,0.25,
CAN,Canada,2000,0,1,0,0.92,1.51,,0.92,,2.97,0.25,
CAN,Canada,2001,0,1,0,0.92,1.51,,0.92,,2.97,0.25,
CAN,Canada,2002,0,1,0,0.92,1.51,,0.92,,2.97,0.25,
CAN,Canada,2003,0,1,0,0.92,1.51,,0.92,,2.97,0.25,
CAN,Canada,2004,0,1,0,0.92,1.51,,0.92,,2.97,0.25,
CAN,Canada,2005,0,1,0,0.92,1.51,,0.92,,2.97,0.25,
CAN,Canada,2006,0,1,0,0.92,1.51,,0.92,,2.97,0.25,
CAN,Canada,2007,0,1,0,0.92,1.51,,0.92,,2.97,0.25,
CAN,Canada,2008,0,1,0,0.92,1.51,1.51,0.92,0.92,2.97,0.25,0.21
CAN,Canada,2009,0,1,0,0.92,1.51,1.51,0.92,0.92,2.97,0.25,0.21
CAN,Canada,2010,0,1,0,0.92,1.51,1.51,0.92,0.92,2.97,0.25,0.21
CAN,Canada,2011,0,1,0,0.92,1.51,1.51,0.92,0.92,2.97,0.25,0.21
CAN,Canada,2012,0,1,0,0.92,1.51,1.51,0.92,0.92,2.97,0.25,0.21
CAN,Canada,2013,1,1,0,0.92,1.51,1.51,0.92,0.92,2.97,0.25,0.21
CHL,Chile,2008,0,1,1,2.63,1.88,1.80,2.63,2.53,0.00,3.00,2.42
CHL,Chile,2009,0,1,1,2.63,1.88,1.80,2.63,2.53,0.00,3.00,2.42
CHL,Chile,2010,0,1,1,2.63,1.88,1.80,2.63,2.53,0.00,3.00,2.42
CHL,Chile,2011,0,1,1,2.63,1.88,1.80,2.63,2.53,0.00,3.00,2.42
CHL,Chile,2012,0,1,1,2.63,1.88,1.80,2.63,2.53,0.00,3.00,2.42
CHL,Chile,2013,1,1,1,2.63,1.88,1.80,2.63,2.53,0.00,3.00,2.42
CZE,Czech Republic,1993,0,1,0,3.31,,,3.31,,,0.50,
CZE,Czech Republic,1994,0,1,0,3.31,,,3.31,,,0.50,
CZE,Czech Republic,1995,0,1,0,3.31,,,3.31,,,0.50,
CZE,Czech Republic,1996,0,1,0,3.31,,,3.31,,,0.50,
CZE,Czech Republic,1997,0,1,0,3.31,,,3.31,,,0.50,
CZE,Czech Republic,1998,0,1,0,3.31,2.97,,3.31,,2.13,0.50,
CZE,Czech Republic,1999,0,1,0,3.31,2.97,,3.31,,2.13,0.50,
CZE,Czech Republic,2000,0,1,0,3.31,2.97,,3.31,,2.13,0.50,
CZE,Czech Republic,2001,0,1,0,3.31,2.97,,3.31,,2.13,0.50,
CZE,Czech Republic,2002,0,1,0,3.31,2.97,,3.31,,2.13,0.50,
CZE,Czech Republic,2003,0,1,0,3.31,2.97,,3.31,,2.13,0.50,
CZE,Czech Republic,2004,0,1,0,3.31,2.97,,3.31,,2.13,0.50,
CZE,Czech Republic,2005,0,1,0,3.31,2.97,,3.31,,2.13,1.13,
CZE,Czech Republic,2006,0,1,0,3.31,2.97,,3.31,,2.13,1.13,
CZE,Czech Republic,2007,0,1,0,3.05,2.79,,3.05,,2.13,1.13,
CZE,Czech Republic,2008,0,1,0,3.05,2.79,2.75,3.05,3.00,2.13,1.13,1.88
CZE,Czech Republic,2009,0,1,0,3.05,2.79,2.75,3.05,3.00,2.13,1.13,1.88
CZE,Czech Republic,2010,0,1,0,3.05,2.79,2.75,3.05,3.00,2.13,1.31,2.00
CZE,Czech Republic,2011,0,1,0,3.05,2.79,2.75,3.05,3.00,2.13,1.31,2.00
CZE,Czech Republic,2012,0,1,0,2.92,2.70,2.66,2.92,2.87,2.13,1.44,2.13
CZE,Czech Republic,2013,1,1,0,2.92,2.70,2.66,2.92,2.87,2.13,1.44,2.13
DNK,Denmark,1985,0,1,0,2.18,,,2.18,,,3.13,
DNK,Denmark,1986,0,1,0,2.18,,,2.18,,,3.13,
DNK,Denmark,1987,0,1,0,2.18,,,2.18,,,3.13,
DNK,Denmark,1988,0,1,0,2.18,,,2.18,,,3.13,
DNK,Denmark,1989,0,1,0,2.18,,,2.18,,,3.13,
DNK,Denmark,1990,0,1,0,2.18,,,2.18,,,3.13,
DNK,Denmark,1991,0,1,0,2.18,,,2.18,,,1.38,
DNK,Denmark,1992,0,1,0,2.18,,,2.18,,,1.38,
DNK,Denmark,1993,0,1,0,2.18,,,2.18,,,1.38,
DNK,Denmark,1994,0,1,0,2.18,,,2.18,,,1.38,
DNK,Denmark,1995,0,1,0,2.13,,,2.13,,,1.38,
DNK,Denmark,1996,0,1,0,2.13,,,2.13,,,1.38,
DNK,Denmark,1997,0,1,0,2.13,,,2.13,,,1.38,
DNK,Denmark,1998,0,1,0,2.13,2.56,,2.13,,3.63,1.38,
DNK,Denmark,1999,0,1,0,2.13,2.56,,2.13,,3.63,1.38,
DNK,Denmark,2000,0,1,0,2.13,2.56,,2.13,,3.63,1.38,
DNK,Denmark,2001,0,1,0,2.13,2.56,,2.13,,3.63,1.38,
DNK,Denmark,2002,0,1,0,2.13,2.56,,2.13,,3.63,1.38,
DNK,Denmark,2003,0,1,0,2.13,2.56,,2.13,,3.63,1.38,
DNK,Denmark,2004,0,1,0,2.13,2.56,,2.13,,3.63,1.38,
DNK,Denmark,2005,0,1,0,2.13,2.56,,2.13,,3.63,1.38,
DNK,Denmark,2006,0,1,0,2.13,2.35,,2.13,,2.88,1.38,
DNK,Denmark,2007,0,1,0,2.13,2.35,,2.13,,2.88,1.38,
DNK,Denmark,2008,0,1,0,2.13,2.35,2.27,2.13,2.03,2.88,1.38,1.79
DNK,Denmark,2009,0,1,0,2.13,2.35,2.27,2.13,2.03,2.88,1.38,1.79
DNK,Denmark,2010,0,1,0,2.13,2.35,2.27,2.13,2.03,2.88,1.38,1.79
DNK,Denmark,2011,0,1,0,2.20,2.39,2.32,2.20,2.10,2.88,1.38,1.79
DNK,Denmark,2012,0,1,0,2.20,2.39,2.32,2.20,2.10,2.88,1.38,1.79
DNK,Denmark,2013,1,1,0,2.20,2.39,2.32,2.20,2.10,2.88,1.38,1.79
EST,Estonia,2008,0,1,0,2.74,2.46,2.33,2.74,2.56,1.75,1.88,2.29
EST,Estonia,2009,0,1,0,2.74,2.46,2.33,2.74,2.56,1.75,1.88,2.29
EST,Estonia,2010,0,1,0,1.81,2.11,2.07,1.81,1.74,2.88,1.88,2.29
EST,Estonia,2011,0,1,0,1.81,2.11,2.07,1.81,1.74,2.88,1.88,2.29
EST,Estonia,2012,0,1,0,1.81,2.11,2.07,1.81,1.74,2.88,1.88,2.29
EST,Estonia,2013,1,1,0,1.81,2.11,2.07,1.81,1.74,2.88,3.00,3.04
FIN,Finland,1985,0,1,0,2.79,,,2.79,,,1.25,
FIN,Finland,1986,0,1,0,2.79,,,2.79,,,1.25,
FIN,Finland,1987,0,1,0,2.79,,,2.79,,,1.25,
FIN,Finland,1988,0,1,0,2.79,,,2.79,,,1.25,
FIN,Finland,1989,0,1,0,2.79,,,2.79,,,1.25,
FIN,Finland,1990,0,1,0,2.79,,,2.79,,,1.25,
FIN,Finland,1991,0,1,0,2.79,,,2.79,,,1.25,
FIN,Finland,1992,0,1,0,2.45,,,2.45,,,1.25,
FIN,Finland,1993,0,1,0,2.45,,,2.45,,,1.25,
FIN,Finland,1994,0,1,0,2.45,,,2.45,,,1.25,
FIN,Finland,1995,0,1,0,2.45,,,2.45,,,1.25,
FIN,Finland,1996,0,1,0,2.45,,,2.45,,,1.25,
FIN,Finland,1997,0,1,0,2.31,,,2.31,,,1.25,
FIN,Finland,1998,0,1,0,2.31,2.19,,2.31,,1.88,1.56,
FIN,Finland,1999,0,1,0,2.31,2.19,,2.31,,1.88,1.56,
FIN,Finland,2000,0,1,0,2.31,2.19,,2.31,,1.88,1.56,
FIN,Finland,2001,0,1,0,2.31,2.19,,2.31,,1.88,1.56,
FIN,Finland,2002,0,1,0,2.17,2.08,,2.17,,1.88,1.56,
FIN,Finland,2003,0,1,0,2.17,2.08,,2.17,,1.88,1.56,
FIN,Finland,2004,0,1,0,2.17,2.08,,2.17,,1.88,1.56,
FIN,Finland,2005,0,1,0,2.17,2.08,,2.17,,1.88,1.56,
FIN,Finland,2006,0,1,0,2.17,2.08,,2.17,,1.88,1.56,
FIN,Finland,2007,0,1,0,2.17,2.08,,2.17,,1.88,1.56,
FIN,Finland,2008,0,1,0,2.17,2.01,2.17,2.17,2.38,1.63,1.56,1.88
FIN,Finland,2009,0,1,0,2.17,2.01,2.17,2.17,2.38,1.63,1.56,1.88
FIN,Finland,2010,0,1,0,2.17,2.01,2.17,2.17,2.38,1.63,1.56,1.88
FIN,Finland,2011,0,1,0,2.17,2.01,2.17,2.17,2.38,1.63,1.56,1.88
FIN,Finland,2012,0,1,0,2.17,2.01,2.17,2.17,2.38,1.63,1.56,1.88
FIN,Finland,2013,1,1,0,2.17,2.01,2.17,2.17,2.38,1.63,1.56,1.88
FRA,France,1985,0,1,0,2.59,,,2.59,,,3.06,
FRA,France,1986,0,1,0,2.59,,,2.59,,,3.06,
FRA,France,1987,0,1,0,2.34,,,2.34,,,3.06,
FRA,France,1988,0,1,0,2.34,,,2.34,,,3.06,
FRA,France,1989,0,1,0,2.34,,,2.34,,,3.06,
FRA,France,1990,0,1,0,2.34,,,2.34,,,3.06,
FRA,France,1991,0,1,0,2.34,,,2.34,,,3.63,
FRA,France,1992,0,1,0,2.34,,,2.34,,,3.63,
FRA,France,1993,0,1,0,2.34,,,2.34,,,3.63,
FRA,France,1994,0,1,0,2.34,,,2.34,,,3.63,
FRA,France,1995,0,1,0,2.34,,,2.34,,,3.63,
FRA,France,1996,0,1,0,2.34,,,2.34,,,3.63,
FRA,France,1997,0,1,0,2.34,,,2.34,,,3.63,
FRA,France,1998,0,1,0,2.34,2.64,,2.34,,3.38,3.63,
FRA,France,1999,0,1,0,2.34,2.64,,2.34,,3.38,3.63,
FRA,France,2000,0,1,0,2.34,2.64,,2.34,,3.38,3.63,
FRA,France,2001,0,1,0,2.34,2.64,,2.34,,3.38,3.63,
FRA,France,2002,0,1,0,2.34,2.64,,2.34,,3.38,3.63,
FRA,France,2003,0,1,0,2.47,2.73,,2.47,,3.38,3.63,
FRA,France,2004,0,1,0,2.47,2.73,,2.47,,3.38,3.63,
FRA,France,2005,0,1,0,2.47,2.73,,2.47,,3.38,3.63,
FRA,France,2006,0,1,0,2.47,2.73,,2.47,,3.38,3.63,
FRA,France,2007,0,1,0,2.47,2.73,,2.47,,3.38,3.63,
FRA,France,2008,0,1,0,2.47,2.73,2.87,2.47,2.67,3.38,3.63,3.75
FRA,France,2009,0,1,0,2.38,2.67,2.82,2.38,2.60,3.38,3.63,3.75
FRA,France,2010,0,1,0,2.38,2.67,2.82,2.38,2.60,3.38,3.63,3.75
FRA,France,2011,0,1,0,2.38,2.67,2.82,2.38,2.60,3.38,3.63,3.75
FRA,France,2012,0,1,0,2.38,2.67,2.82,2.38,2.60,3.38,3.63,3.75
FRA,France,2013,1,1,0,2.38,2.67,2.82,2.38,2.60,3.38,3.63,3.75
DEU,Germany,1985,0,1,0,2.58,,,2.58,,,5.00,
DEU,Germany,1986,0,1,0,2.58,,,2.58,,,3.25,
DEU,Germany,1987,0,1,0,2.58,,,2.58,,,3.25,
DEU,Germany,1988,0,1,0,2.58,,,2.58,,,3.25,
DEU,Germany,1989,0,1,0,2.58,,,2.58,,,3.25,
DEU,Germany,1990,0,1,0,2.58,,,2.58,,,3.25,
DEU,Germany,1991,0,1,0,2.58,,,2.58,,,3.25,
DEU,Germany,1992,0,1,0,2.58,,,2.58,,,3.25,
DEU,Germany,1993,0,1,0,2.58,,,2.58,,,3.25,
DEU,Germany,1994,0,1,0,2.68,,,2.68,,,3.25,
DEU,Germany,1995,0,1,0,2.68,,,2.68,,,3.13,
DEU,Germany,1996,0,1,0,2.68,,,2.68,,,3.13,
DEU,Germany,1997,0,1,0,2.68,,,2.68,,,2.50,
DEU,Germany,1998,0,1,0,2.68,2.95,,2.68,,3.63,2.00,
DEU,Germany,1999,0,1,0,2.68,2.95,,2.68,,3.63,2.00,
DEU,Germany,2000,0,1,0,2.68,2.95,,2.68,,3.63,2.00,
DEU,Germany,2001,0,1,0,2.68,2.95,,2.68,,3.63,2.00,
DEU,Germany,2002,0,1,0,2.68,2.95,,2.68,,3.63,2.00,
DEU,Germany,2003,0,1,0,2.68,2.95,,2.68,,3.63,1.50,
DEU,Germany,2004,0,1,0,2.68,2.95,,2.68,,3.63,1.00,
DEU,Germany,2005,0,1,0,2.68,2.95,,2.68,,3.63,1.00,
DEU,Germany,2006,0,1,0,2.68,2.95,,2.68,,3.63,1.00,
DEU,Germany,2007,0,1,0,2.68,2.95,,2.68,,3.63,1.00,
DEU,Germany,2008,0,1,0,2.68,2.95,2.84,2.68,2.53,3.63,1.00,1.54
DEU,Germany,2009,0,1,0,2.68,2.95,2.84,2.68,2.53,3.63,1.00,1.54
DEU,Germany,2010,0,1,0,2.68,2.95,2.84,2.68,2.53,3.63,1.00,1.54
DEU,Germany,2011,0,1,0,2.68,2.95,2.84,2.68,2.53,3.63,1.00,1.54
DEU,Germany,2012,0,1,0,2.68,2.95,2.84,2.68,2.53,3.63,1.00,1.54
DEU,Germany,2013,1,1,0,2.68,2.95,2.84,2.68,2.53,3.63,1.13,1.75
GRC,Greece,1985,0,1,0,2.85,,,2.85,,,4.75,
GRC,Greece,1986,0,1,0,2.85,,,2.85,,,4.75,
GRC,Greece,1987,0,1,0,2.85,,,2.85,,,4.75,
GRC,Greece,1988,0,1,0,2.85,,,2.85,,,4.75,
GRC,Greece,1989,0,1,0,2.85,,,2.85,,,4.75,
GRC,Greece,1990,0,1,0,2.80,,,2.80,,,4.75,
GRC,Greece,1991,0,1,0,2.80,,,2.80,,,4.75,
GRC,Greece,1992,0,1,0,2.80,,,2.80,,,4.75,
GRC,Greece,1993,0,1,0,2.80,,,2.80,,,4.75,
GRC,Greece,1994,0,1,0,2.80,,,2.80,,,4.75,
GRC,Greece,1995,0,1,0,2.80,,,2.80,,,4.75,
GRC,Greece,1996,0,1,0,2.80,,,2.80,,,4.75,
GRC,Greece,1997,0,1,0,2.80,,,2.80,,,4.75,
GRC,Greece,1998,0,1,0,2.80,2.93,,2.80,,3.25,4.75,
GRC,Greece,1999,0,1,0,2.80,2.93,,2.80,,3.25,4.75,
GRC,Greece,2000,0,1,0,2.80,2.93,,2.80,,3.25,4.75,
GRC,Greece,2001,0,1,0,2.80,2.93,,2.80,,3.25,4.75,
GRC,Greece,2002,0,1,0,2.80,2.93,,2.80,,3.25,4.75,
GRC,Greece,2003,0,1,0,2.80,2.93,,2.80,,3.25,4.75,
GRC,Greece,2004,0,1,0,2.80,2.93,,2.80,,3.25,2.75,
GRC,Greece,2005,0,1,0,2.80,2.93,,2.80,,3.25,2.75,
GRC,Greece,2006,0,1,0,2.80,2.93,,2.80,,3.25,2.75,
GRC,Greece,2007,0,1,0,2.80,2.93,,2.80,,3.25,2.75,
GRC,Greece,2008,0,1,0,2.80,2.93,2.85,2.80,2.69,3.25,2.75,3.17
GRC,Greece,2009,0,1,0,2.80,2.93,2.85,2.80,2.69,3.25,2.75,3.17
GRC,Greece,2010,0,1,0,2.80,2.93,2.85,2.80,2.69,3.25,2.75,3.17
GRC,Greece,2011,0,1,0,2.17,2.48,2.44,2.17,2.12,3.25,2.50,3.25
GRC,Greece,2012,0,1,0,2.17,2.48,2.44,2.17,2.12,3.25,2.25,2.92
GRC,Greece,2013,1,1,0,2.12,2.44,2.41,2.12,2.07,3.25,2.25,2.92
HUN,Hungary,1990,0,1,0,2.00,,,2.00,,,0.63,
HUN,Hungary,1991,0,1,0,2.00,,,2.00,,,0.63,
HUN,Hungary,1992,0,1,0,2.00,,,2.00,,,0.63,
HUN,Hungary,1993,0,1,0,2.00,,,2.00,,,0.63,
HUN,Hungary,1994,0,1,0,2.00,,,2.00,,,0.63,
HUN,Hungary,1995,0,1,0,2.00,,,2.00,,,0.63,
HUN,Hungary,1996,0,1,0,2.00,,,2.00,,,0.63,
HUN,Hungary,1997,0,1,0,2.00,,,2.00,,,0.63,
HUN,Hungary,1998,0,1,0,2.00,2.40,,2.00,,3.38,0.63,
HUN,Hungary,1999,0,1,0,2.00,2.40,,2.00,,3.38,0.63,
HUN,Hungary,2000,0,1,0,2.00,2.40,,2.00,,3.38,0.63,
HUN,Hungary,2001,0,1,0,2.00,2.40,,2.00,,3.38,0.63,
HUN,Hungary,2002,0,1,0,2.00,2.40,,2.00,,3.38,0.63,
HUN,Hungary,2003,0,1,0,2.00,2.40,,2.00,,3.38,0.63,
HUN,Hungary,2004,0,1,0,2.00,2.40,,2.00,,3.38,1.13,
HUN,Hungary,2005,0,1,0,2.00,2.40,,2.00,,3.38,1.13,
HUN,Hungary,2006,0,1,0,2.00,2.40,,2.00,,3.38,1.13,
HUN,Hungary,2007,0,1,0,2.00,2.40,,2.00,,3.38,1.13,
HUN,Hungary,2008,0,1,0,2.00,2.40,2.26,2.00,1.82,3.38,1.13,1.92
HUN,Hungary,2009,0,1,0,2.00,2.40,2.26,2.00,1.82,3.38,1.13,1.92
HUN,Hungary,2010,0,1,0,2.00,2.40,2.26,2.00,1.82,3.38,1.13,1.92
HUN,Hungary,2011,0,1,0,2.00,2.40,2.26,2.00,1.82,3.38,1.13,1.92
HUN,Hungary,2012,0,1,0,2.00,2.40,2.26,2.00,1.82,3.38,1.25,2.00
HUN,Hungary,2013,1,1,0,1.59,2.17,2.07,1.59,1.45,3.63,1.25,2.00
ISL,Iceland,2008,0,1,0,1.73,2.24,2.46,1.73,2.04,3.50,0.63,1.29
ISL,Iceland,2009,0,1,0,1.73,2.24,2.46,1.73,2.04,3.50,0.63,1.29
ISL,Iceland,2010,0,1,0,1.73,2.24,2.46,1.73,2.04,3.50,0.63,1.29
ISL,Iceland,2011,0,1,0,1.73,2.24,2.46,1.73,2.04,3.50,0.63,1.29
ISL,Iceland,2012,0,1,0,1.73,2.24,2.46,1.73,2.04,3.50,0.63,1.29
ISL,Iceland,2013,1,1,0,1.73,2.24,2.46,1.73,2.04,3.50,0.63,1.29
IRL,Ireland,1985,0,1,0,1.44,,,1.44,,,0.25,
IRL,Ireland,1986,0,1,0,1.44,,,1.44,,,0.25,
IRL,Ireland,1987,0,1,0,1.44,,,1.44,,,0.25,
IRL,Ireland,1988,0,1,0,1.44,,,1.44,,,0.25,
IRL,Ireland,1989,0,1,0,1.44,,,1.44,,,0.25,
IRL,Ireland,1990,0,1,0,1.44,,,1.44,,,0.25,
IRL,Ireland,1991,0,1,0,1.44,,,1.44,,,0.25,
IRL,Ireland,1992,0,1,0,1.44,,,1.44,,,0.25,
IRL,Ireland,1993,0,1,0,1.44,,,1.44,,,0.25,
IRL,Ireland,1994,0,1,0,1.44,,,1.44,,,0.25,
IRL,Ireland,1995,0,1,0,1.44,,,1.44,,,0.25,
IRL,Ireland,1996,0,1,0,1.44,,,1.44,,,0.25,
IRL,Ireland,1997,0,1,0,1.44,,,1.44,,,0.25,
IRL,Ireland,1998,0,1,0,1.44,1.81,,1.44,,2.75,0.25,
IRL,Ireland,1999,0,1,0,1.44,1.81,,1.44,,2.75,0.25,
IRL,Ireland,2000,0,1,0,1.44,1.81,,1.44,,2.75,0.25,
IRL,Ireland,2001,0,1,0,1.44,1.81,,1.44,,2.75,0.25,
IRL,Ireland,2002,0,1,0,1.44,1.81,,1.44,,2.75,0.25,
IRL,Ireland,2003,0,1,0,1.44,1.81,,1.44,,2.75,0.25,
IRL,Ireland,2004,0,1,0,1.44,1.81,,1.44,,2.75,0.63,
IRL,Ireland,2005,0,1,0,1.44,1.81,,1.44,,2.75,0.63,
IRL,Ireland,2006,0,1,0,1.27,1.91,,1.27,,3.50,0.63,
IRL,Ireland,2007,0,1,0,1.27,1.91,,1.27,,3.50,0.63,
IRL,Ireland,2008,0,1,0,1.27,1.91,1.98,1.27,1.37,3.50,0.63,0.71
IRL,Ireland,2009,0,1,0,1.27,1.91,1.98,1.27,1.37,3.50,0.63,0.71
IRL,Ireland,2010,0,1,0,1.27,1.91,1.98,1.27,1.37,3.50,0.63,0.71
IRL,Ireland,2011,0,1,0,1.27,1.91,1.98,1.27,1.37,3.50,0.63,0.71
IRL,Ireland,2012,0,1,0,1.40,2.00,2.07,1.40,1.50,3.50,0.63,1.21
IRL,Ireland,2013,1,1,0,1.40,2.00,2.07,1.40,1.50,3.50,0.63,1.21
ISR,Israel,2008,0,1,0,2.04,1.99,2.22,2.04,2.35,1.88,0.88,1.58
ISR,Israel,2009,0,1,0,2.04,1.99,2.22,2.04,2.35,1.88,0.88,1.58
ISR,Israel,2010,0,1,0,2.04,1.99,2.22,2.04,2.35,1.88,0.88,1.58
ISR,Israel,2011,0,1,0,2.04,1.99,2.22,2.04,2.35,1.88,0.88,1.58
ISR,Israel,2012,0,1,0,2.04,1.99,2.22,2.04,2.35,1.88,0.88,1.58
ISR,Israel,2013,1,1,0,2.04,1.99,2.22,2.04,2.35,1.88,0.88,1.58
ITA,Italy,1985,0,1,0,2.76,,,2.76,,,5.25,
ITA,Italy,1986,0,1,0,2.76,,,2.76,,,5.25,
ITA,Italy,1987,0,1,0,2.76,,,2.76,,,5.25,
ITA,Italy,1988,0,1,0,2.76,,,2.76,,,4.88,
ITA,Italy,1989,0,1,0,2.76,,,2.76,,,4.88,
ITA,Italy,1990,0,1,0,2.76,,,2.76,,,4.88,
ITA,Italy,1991,0,1,0,2.76,,,2.76,,,4.88,
ITA,Italy,1992,0,1,0,2.76,,,2.76,,,4.75,
ITA,Italy,1993,0,1,0,2.76,,,2.76,,,4.75,
ITA,Italy,1994,0,1,0,2.76,,,2.76,,,4.75,
ITA,Italy,1995,0,1,0,2.76,,,2.76,,,4.75,
ITA,Italy,1996,0,1,0,2.76,,,2.76,,,4.75,
ITA,Italy,1997,0,1,0,2.76,,,2.76,,,4.75,
ITA,Italy,1998,0,1,0,2.76,3.15,,2.76,,4.13,3.63,
ITA,Italy,1999,0,1,0,2.76,3.15,,2.76,,4.13,3.63,
ITA,Italy,2000,0,1,0,2.76,3.15,,2.76,,4.13,3.25,
ITA,Italy,2001,0,1,0,2.76,3.15,,2.76,,4.13,3.25,
ITA,Italy,2002,0,1,0,2.76,3.15,,2.76,,4.13,2.38,
ITA,Italy,2003,0,1,0,2.76,3.15,,2.76,,4.13,2.00,
ITA,Italy,2004,0,1,0,2.76,3.15,,2.76,,4.13,2.00,
ITA,Italy,2005,0,1,0,2.76,3.15,,2.76,,4.13,2.00,
ITA,Italy,2006,0,1,0,2.76,3.15,,2.76,,4.13,2.00,
ITA,Italy,2007,0,1,0,2.76,3.15,,2.76,,4.13,2.00,
ITA,Italy,2008,0,1,0,2.76,3.15,3.03,2.76,2.60,4.13,2.00,2.71
ITA,Italy,2009,0,1,0,2.76,3.15,3.03,2.76,2.60,4.13,2.00,2.71
ITA,Italy,2010,0,1,0,2.76,3.15,3.03,2.76,2.60,4.13,2.00,2.71
ITA,Italy,2011,0,1,0,2.76,3.15,3.03,2.76,2.60,4.13,2.00,2.71
ITA,Italy,2012,0,1,0,2.76,3.15,3.03,2.76,2.60,4.13,2.00,2.71
ITA,Italy,2013,1,1,0,2.68,2.98,2.89,2.68,2.55,3.75,2.00,2.71
JPN,Japan,1985,0,1,0,1.70,,,1.70,,,1.69,
JPN,Japan,1986,0,1,0,1.70,,,1.70,,,1.69,
JPN,Japan,1987,0,1,0,1.70,,,1.70,,,1.69,
JPN,Japan,1988,0,1,0,1.70,,,1.70,,,1.69,
JPN,Japan,1989,0,1,0,1.70,,,1.70,,,1.69,
JPN,Japan,1990,0,1,0,1.70,,,1.70,,,1.69,
JPN,Japan,1991,0,1,0,1.70,,,1.70,,,1.69,
JPN,Japan,1992,0,1,0,1.70,,,1.70,,,1.69,
JPN,Japan,1993,0,1,0,1.70,,,1.70,,,1.69,
JPN,Japan,1994,0,1,0,1.70,,,1.70,,,1.69,
JPN,Japan,1995,0,1,0,1.70,,,1.70,,,1.69,
JPN,Japan,1996,0,1,0,1.70,,,1.70,,,1.69,
JPN,Japan,1997,0,1,0,1.70,,,1.70,,,1.50,
JPN,Japan,1998,0,1,0,1.70,2.14,,1.70,,3.25,1.50,
JPN,Japan,1999,0,1,0,1.70,2.14,,1.70,,3.25,1.50,
JPN,Japan,2000,0,1,0,1.70,2.14,,1.70,,3.25,0.88,
JPN,Japan,2001,0,1,0,1.70,2.14,,1.70,,3.25,0.88,
JPN,Japan,2002,0,1,0,1.70,2.14,,1.70,,3.25,0.88,
JPN,Japan,2003,0,1,0,1.70,2.14,,1.70,,3.25,0.88,
JPN,Japan,2004,0,1,0,1.70,2.14,,1.70,,3.25,0.88,
JPN,Japan,2005,0,1,0,1.70,2.14,,1.70,,3.25,0.88,
JPN,Japan,2006,0,1,0,1.70,2.14,,1.70,,3.25,0.88,
JPN,Japan,2007,0,1,0,1.37,1.91,,1.37,,3.25,0.88,
JPN,Japan,2008,0,1,0,1.37,1.91,2.09,1.37,1.62,3.25,0.88,1.25
JPN,Japan,2009,0,1,0,1.37,1.91,2.09,1.37,1.62,3.25,0.88,1.25
JPN,Japan,2010,0,1,0,1.37,1.91,2.09,1.37,1.62,3.25,0.88,1.25
JPN,Japan,2011,0,1,0,1.37,1.91,2.09,1.37,1.62,3.25,0.88,1.25
JPN,Japan,2012,0,1,0,1.37,1.91,2.09,1.37,1.62,3.25,0.88,1.25
JPN,Japan,2013,1,1,0,1.37,1.91,2.09,1.37,1.62,3.25,0.88,1.25
KOR,Korea,1990,0,1,0,3.04,,,3.04,,,3.13,
KOR,Korea,1991,0,1,0,3.04,,,3.04,,,3.13,
KOR,Korea,1992,0,1,0,3.04,,,3.04,,,3.13,
KOR,Korea,1993,0,1,0,3.04,,,3.04,,,3.13,
KOR,Korea,1994,0,1,0,3.04,,,3.04,,,3.13,
KOR,Korea,1995,0,1,0,3.04,,,3.04,,,3.13,
KOR,Korea,1996,0,1,0,3.04,,,3.04,,,3.13,
KOR,Korea,1997,0,1,0,3.04,,,3.04,,,3.13,
KOR,Korea,1998,0,1,0,2.37,2.23,,2.37,,1.88,3.13,
KOR,Korea,1999,0,1,0,2.37,2.23,,2.37,,1.88,2.13,
KOR,Korea,2000,0,1,0,2.37,2.23,,2.37,,1.88,2.13,
KOR,Korea,2001,0,1,0,2.37,2.23,,2.37,,1.88,2.13,
KOR,Korea,2002,0,1,0,2.37,2.23,,2.37,,1.88,2.13,
KOR,Korea,2003,0,1,0,2.37,2.23,,2.37,,1.88,2.13,
KOR,Korea,2004,0,1,0,2.37,2.23,,2.37,,1.88,2.13,
KOR,Korea,2005,0,1,0,2.37,2.23,,2.37,,1.88,2.13,
KOR,Korea,2006,0,1,0,2.37,2.23,,2.37,,1.88,2.13,
KOR,Korea,2007,0,1,0,2.37,2.23,,2.37,,1.88,2.13,
KOR,Korea,2008,0,1,0,2.37,2.23,2.17,2.37,2.29,1.88,2.13,2.54
KOR,Korea,2009,0,1,0,2.37,2.23,2.17,2.37,2.29,1.88,2.13,2.54
KOR,Korea,2010,0,1,0,2.37,2.23,2.17,2.37,2.29,1.88,2.13,2.54
KOR,Korea,2011,0,1,0,2.37,2.23,2.17,2.37,2.29,1.88,2.13,2.54
KOR,Korea,2012,0,1,0,2.37,2.23,2.17,2.37,2.29,1.88,2.13,2.54
KOR,Korea,2013,1,1,0,2.37,2.23,2.17,2.37,2.29,1.88,2.13,2.54
LUX,Luxembourg,2008,0,1,0,2.25,2.71,2.74,2.25,2.28,3.88,3.75,3.83
LUX,Luxembourg,2009,0,1,0,2.25,2.71,2.74,2.25,2.28,3.88,3.75,3.83
LUX,Luxembourg,2010,0,1,0,2.25,2.71,2.74,2.25,2.28,3.88,3.75,3.83
LUX,Luxembourg,2011,0,1,0,2.25,2.71,2.74,2.25,2.28,3.88,3.75,3.83
LUX,Luxembourg,2012,0,1,0,2.25,2.71,2.74,2.25,2.28,3.88,3.75,3.83
LUX,Luxembourg,2013,1,1,0,2.25,2.71,2.74,2.25,2.28,3.88,3.75,3.83
MEX,Mexico,1990,0,1,1,2.19,,,2.19,,,4.00,
MEX,Mexico,1991,0,1,1,2.19,,,2.19,,,4.00,
MEX,Mexico,1992,0,1,1,2.19,,,2.19,,,4.00,
MEX,Mexico,1993,0,1,1,2.19,,,2.19,,,4.00,
MEX,Mexico,1994,0,1,1,2.19,,,2.19,,,4.00,
MEX,Mexico,1995,0,1,1,2.19,,,2.19,,,4.00,
MEX,Mexico,1996,0,1,1,2.19,,,2.19,,,4.00,
MEX,Mexico,1997,0,1,1,2.19,,,2.19,,,4.00,
MEX,Mexico,1998,0,1,1,2.19,2.82,,2.19,,4.38,4.00,
MEX,Mexico,1999,0,1,1,2.19,2.82,,2.19,,4.38,4.00,
MEX,Mexico,2000,0,1,1,2.19,2.82,,2.19,,4.38,4.00,
MEX,Mexico,2001,0,1,1,2.19,2.82,,2.19,,4.38,4.00,
MEX,Mexico,2002,0,1,1,2.19,2.82,,2.19,,4.38,4.00,
MEX,Mexico,2003,0,1,1,2.19,2.82,,2.19,,4.38,4.00,
MEX,Mexico,2004,0,1,1,2.19,2.82,,2.19,,4.38,4.00,
MEX,Mexico,2005,0,1,1,2.19,2.82,,2.19,,4.38,4.00,
MEX,Mexico,2006,0,1,1,2.19,2.82,,2.19,,4.38,4.00,
MEX,Mexico,2007,0,1,1,2.19,2.82,,2.19,,4.38,4.00,
MEX,Mexico,2008,0,1,1,2.19,2.82,2.71,2.19,2.04,4.38,4.00,4.08
MEX,Mexico,2009,0,1,1,2.19,2.82,2.71,2.19,2.04,4.38,4.00,4.08
MEX,Mexico,2010,0,1,1,2.19,2.82,2.71,2.19,2.04,4.38,4.00,4.08
MEX,Mexico,2011,0,1,1,2.19,2.82,2.71,2.19,2.04,4.38,4.00,4.08
MEX,Mexico,2012,0,1,1,2.19,2.82,2.71,2.19,2.04,4.38,4.00,4.08
MEX,Mexico,2013,1,1,1,2.03,2.70,2.62,2.03,1.91,4.38,2.06,2.29
NLD,Netherlands,1985,0,1,0,3.07,,,3.07,,,1.38,
NLD,Netherlands,1986,0,1,0,3.06,,,3.06,,,1.38,
NLD,Netherlands,1987,0,1,0,3.04,,,3.04,,,1.38,
NLD,Netherlands,1988,0,1,0,3.05,,,3.05,,,1.38,
NLD,Netherlands,1989,0,1,0,3.04,,,3.04,,,1.38,
NLD,Netherlands,1990,0,1,0,3.04,,,3.04,,,1.38,
NLD,Netherlands,1991,0,1,0,3.03,,,3.03,,,1.38,
NLD,Netherlands,1992,0,1,0,3.02,,,3.02,,,1.38,
NLD,Netherlands,1993,0,1,0,3.07,,,3.07,,,1.38,
NLD,Netherlands,1994,0,1,0,2.90,,,2.90,,,1.38,
NLD,Netherlands,1995,0,1,0,2.84,,,2.84,,,1.38,
NLD,Netherlands,1996,0,1,0,2.84,,,2.84,,,1.38,
NLD,Netherlands,1997,0,1,0,2.84,,,2.84,,,1.38,
NLD,Netherlands,1998,0,1,0,2.84,2.88,,2.84,,3.00,1.38,
NLD,Netherlands,1999,0,1,0,2.88,2.92,,2.88,,3.00,0.94,
NLD,Netherlands,2000,0,1,0,2.88,2.92,,2.88,,3.00,0.94,
NLD,Netherlands,2001,0,1,0,2.88,2.92,,2.88,,3.00,0.94,
NLD,Netherlands,2002,0,1,0,2.88,2.92,,2.88,,3.00,0.94,
NLD,Netherlands,2003,0,1,0,2.88,2.92,,2.88,,3.00,0.94,
NLD,Netherlands,2004,0,1,0,2.88,2.92,,2.88,,3.00,0.94,
NLD,Netherlands,2005,0,1,0,2.88,2.92,,2.88,,3.00,0.94,
NLD,Netherlands,2006,0,1,0,2.88,2.92,,2.88,,3.00,0.94,
NLD,Netherlands,2007,0,1,0,2.88,2.92,,2.88,,3.00,0.94,
NLD,Netherlands,2008,0,1,0,2.88,2.92,2.93,2.88,2.90,3.00,0.94,1.17
NLD,Netherlands,2009,0,1,0,2.82,2.87,2.88,2.82,2.84,3.00,0.94,1.17
NLD,Netherlands,2010,0,1,0,2.82,2.87,2.88,2.82,2.84,3.00,0.94,1.17
NLD,Netherlands,2011,0,1,0,2.82,2.87,2.88,2.82,2.84,3.00,0.94,1.17
NLD,Netherlands,2012,0,1,0,2.82,2.87,2.88,2.82,2.84,3.00,0.94,1.17
NLD,Netherlands,2013,1,1,0,2.82,2.93,2.94,2.82,2.84,3.19,0.94,1.17
NZL,New Zealand,1990,0,1,0,1.24,,,1.24,,,0.38,
NZL,New Zealand,1991,0,1,0,1.24,,,1.24,,,0.38,
NZL,New Zealand,1992,0,1,0,1.24,,,1.24,,,0.38,
NZL,New Zealand,1993,0,1,0,1.24,,,1.24,,,0.38,
NZL,New Zealand,1994,0,1,0,1.24,,,1.24,,,0.38,
NZL,New Zealand,1995,0,1,0,1.24,,,1.24,,,0.38,
NZL,New Zealand,1996,0,1,0,1.24,,,1.24,,,0.38,
NZL,New Zealand,1997,0,1,0,1.24,,,1.24,,,0.38,
NZL,New Zealand,1998,0,1,0,1.24,0.89,,1.24,,0.00,0.38,
NZL,New Zealand,1999,0,1,0,1.24,0.89,,1.24,,0.00,0.38,
NZL,New Zealand,2000,0,1,0,1.24,0.89,,1.24,,0.00,0.38,
NZL,New Zealand,2001,0,1,0,1.56,1.11,,1.56,,0.00,1.00,
NZL,New Zealand,2002,0,1,0,1.56,1.11,,1.56,,0.00,1.00,
NZL,New Zealand,2003,0,1,0,1.56,1.11,,1.56,,0.00,1.00,
NZL,New Zealand,2004,0,1,0,1.56,1.11,,1.56,,0.00,1.00,
NZL,New Zealand,2005,0,1,0,1.56,1.11,,1.56,,0.00,1.00,
NZL,New Zealand,2006,0,1,0,1.56,1.11,,1.56,,0.00,1.00,
NZL,New Zealand,2007,0,1,0,1.56,1.11,,1.56,,0.00,1.00,
NZL,New Zealand,2008,0,1,0,1.56,1.11,1.10,1.56,1.54,0.00,1.00,0.92
NZL,New Zealand,2009,0,1,0,1.56,1.11,1.10,1.56,1.54,0.00,1.00,0.92
NZL,New Zealand,2010,0,1,0,1.56,1.11,1.10,1.56,1.54,0.00,1.00,0.92
NZL,New Zealand,2011,0,1,0,1.56,1.11,1.10,1.56,1.54,0.00,1.00,0.92
NZL,New Zealand,2012,0,1,0,1.39,0.99,1.01,1.39,1.41,0.00,1.00,0.92
NZL,New Zealand,2013,1,1,0,1.39,0.99,1.01,1.39,1.41,0.00,1.00,0.92
NOR,Norway,1985,0,1,0,2.33,,,2.33,,,3.13,
NOR,Norway,1986,0,1,0,2.33,,,2.33,,,3.13,
NOR,Norway,1987,0,1,0,2.33,,,2.33,,,3.13,
NOR,Norway,1988,0,1,0,2.33,,,2.33,,,3.13,
NOR,Norway,1989,0,1,0,2.33,,,2.33,,,3.13,
NOR,Norway,1990,0,1,0,2.33,,,2.33,,,3.13,
NOR,Norway,1991,0,1,0,2.33,,,2.33,,,3.13,
NOR,Norway,1992,0,1,0,2.33,,,2.33,,,3.13,
NOR,Norway,1993,0,1,0,2.33,,,2.33,,,3.13,
NOR,Norway,1994,0,1,0,2.33,,,2.33,,,3.13,
NOR,Norway,1995,0,1,0,2.33,,,2.33,,,3.13,
NOR,Norway,1996,0,1,0,2.33,,,2.33,,,3.19,
NOR,Norway,1997,0,1,0,2.33,,,2.33,,,3.19,
NOR,Norway,1998,0,1,0,2.33,2.38,,2.33,,2.50,3.19,
NOR,Norway,1999,0,1,0,2.33,2.38,,2.33,,2.50,3.19,
NOR,Norway,2000,0,1,0,2.33,2.38,,2.33,,2.50,3.00,
NOR,Norway,2001,0,1,0,2.33,2.38,,2.33,,2.50,2.75,
NOR,Norway,2002,0,1,0,2.33,2.38,,2.33,,2.50,2.75,
NOR,Norway,2003,0,1,0,2.33,2.38,,2.33,,2.50,2.75,
NOR,Norway,2004,0,1,0,2.33,2.38,,2.33,,2.50,2.75,
NOR,Norway,2005,0,1,0,2.33,2.38,,2.33,,2.50,2.75,
NOR,Norway,2006,0,1,0,2.33,2.38,,2.33,,2.50,3.00,
NOR,Norway,2007,0,1,0,2.33,2.38,,2.33,,2.50,3.00,
NOR,Norway,2008,0,1,0,2.33,2.38,2.31,2.33,2.23,2.50,3.00,3.04
NOR,Norway,2009,0,1,0,2.33,2.38,2.31,2.33,2.23,2.50,3.00,3.04
NOR,Norway,2010,0,1,0,2.33,2.38,2.31,2.33,2.23,2.50,3.00,3.04
NOR,Norway,2011,0,1,0,2.33,2.38,2.31,2.33,2.23,2.50,3.00,3.04
NOR,Norway,2012,0,1,0,2.33,2.38,2.31,2.33,2.23,2.50,3.00,3.04
NOR,Norway,2013,1,1,0,2.33,2.38,2.31,2.33,2.23,2.50,3.00,3.42
POL,Poland,1990,0,1,0,2.23,,,2.23,,,0.75,
POL,Poland,1991,0,1,0,2.23,,,2.23,,,0.75,
POL,Poland,1992,0,1,0,2.23,,,2.23,,,0.75,
POL,Poland,1993,0,1,0,2.23,,,2.23,,,0.75,
POL,Poland,1994,0,1,0,2.23,,,2.23,,,0.75,
POL,Poland,1995,0,1,0,2.23,,,2.23,,,0.75,
POL,Poland,1996,0,1,0,2.23,,,2.23,,,0.75,
POL,Poland,1997,0,1,0,2.23,,,2.23,,,0.75,
POL,Poland,1998,0,1,0,2.23,2.56,,2.23,,3.38,0.75,
POL,Poland,1999,0,1,0,2.23,2.56,,2.23,,3.38,0.75,
POL,Poland,2000,0,1,0,2.23,2.56,,2.23,,3.38,0.75,
POL,Poland,2001,0,1,0,2.23,2.56,,2.23,,3.38,0.75,
POL,Poland,2002,0,1,0,2.23,2.56,,2.23,,3.38,0.75,
POL,Poland,2003,0,1,0,2.23,2.56,,2.23,,3.38,0.25,
POL,Poland,2004,0,1,0,2.23,2.41,,2.23,,2.88,1.75,
POL,Poland,2005,0,1,0,2.23,2.41,,2.23,,2.88,1.75,
POL,Poland,2006,0,1,0,2.23,2.41,,2.23,,2.88,1.75,
POL,Poland,2007,0,1,0,2.23,2.41,,2.23,,2.88,1.75,
POL,Poland,2008,0,1,0,2.23,2.41,2.39,2.23,2.20,2.88,1.75,2.33
POL,Poland,2009,0,1,0,2.23,2.41,2.39,2.23,2.20,2.88,1.75,2.33
POL,Poland,2010,0,1,0,2.23,2.41,2.39,2.23,2.20,2.88,1.75,2.33
POL,Poland,2011,0,1,0,2.23,2.41,2.39,2.23,2.20,2.88,1.75,2.33
POL,Poland,2012,0,1,0,2.23,2.41,2.39,2.23,2.20,2.88,1.75,2.33
POL,Poland,2013,1,1,0,2.23,2.41,2.39,2.23,2.20,2.88,1.75,2.33
PRT,Portugal,1985,0,1,0,5.00,,,5.00,,,3.38,
PRT,Portugal,1986,0,1,0,5.00,,,5.00,,,3.38,
PRT,Portugal,1987,0,1,0,5.00,,,5.00,,,3.38,
PRT,Portugal,1988,0,1,0,5.00,,,5.00,,,3.38,
PRT,Portugal,1989,0,1,0,5.00,,,5.00,,,3.38,
PRT,Portugal,1990,0,1,0,4.83,,,4.83,,,3.38,
PRT,Portugal,1991,0,1,0,4.83,,,4.83,,,3.38,
PRT,Portugal,1992,0,1,0,4.58,,,4.58,,,3.38,
PRT,Portugal,1993,0,1,0,4.58,,,4.58,,,3.38,
PRT,Portugal,1994,0,1,0,4.58,,,4.58,,,3.38,
PRT,Portugal,1995,0,1,0,4.58,,,4.58,,,3.38,
PRT,Portugal,1996,0,1,0,4.58,,,4.58,,,3.38,
PRT,Portugal,1997,0,1,0,4.58,,,4.58,,,2.81,
PRT,Portugal,1998,0,1,0,4.58,4.10,,4.58,,2.88,2.81,
PRT,Portugal,1999,0,1,0,4.58,4.10,,4.58,,2.88,2.81,
PRT,Portugal,2000,0,1,0,4.58,4.10,,4.58,,2.88,2.81,
PRT,Portugal,2001,0,1,0,4.58,4.10,,4.58,,2.88,2.81,
PRT,Portugal,2002,0,1,0,4.58,4.10,,4.58,,2.88,2.81,
PRT,Portugal,2003,0,1,0,4.58,4.10,,4.58,,2.88,2.81,
PRT,Portugal,2004,0,1,0,4.42,3.98,,4.42,,2.88,2.56,
PRT,Portugal,2005,0,1,0,4.42,3.98,,4.42,,2.88,2.56,
PRT,Portugal,2006,0,1,0,4.42,3.98,,4.42,,2.88,2.56,
PRT,Portugal,2007,0,1,0,4.42,3.98,,4.42,,2.88,2.56,
PRT,Portugal,2008,0,1,0,4.42,3.69,3.51,4.42,4.17,1.88,1.94,2.29
PRT,Portugal,2009,0,1,0,4.42,3.69,3.51,4.42,4.17,1.88,1.94,2.29
PRT,Portugal,2010,0,1,0,4.13,3.49,3.31,4.13,3.88,1.88,1.94,2.46
PRT,Portugal,2011,0,1,0,4.13,3.49,3.31,4.13,3.88,1.88,1.94,2.46
PRT,Portugal,2012,0,1,0,3.56,3.08,2.90,3.56,3.31,1.88,1.94,2.46
PRT,Portugal,2013,1,1,0,3.18,2.81,2.69,3.18,3.01,1.88,1.81,2.33
SVK,Slovak Republic,1993,0,1,0,2.47,,,2.47,,,1.38,
SVK,Slovak Republic,1994,0,1,0,2.47,,,2.47,,,1.38,
SVK,Slovak Republic,1995,0,1,0,2.47,,,2.47,,,1.38,
SVK,Slovak Republic,1996,0,1,0,2.47,,,2.47,,,1.38,
SVK,Slovak Republic,1997,0,1,0,2.47,,,2.47,,,1.38,
SVK,Slovak Republic,1998,0,1,0,2.47,2.91,,2.47,,4.00,1.38,
SVK,Slovak Republic,1999,0,1,0,2.47,2.91,,2.47,,4.00,1.38,
SVK,Slovak Republic,2000,0,1,0,2.47,2.91,,2.47,,4.00,1.38,
SVK,Slovak Republic,2001,0,1,0,2.47,2.91,,2.47,,4.00,1.38,
SVK,Slovak Republic,2002,0,1,0,2.47,2.91,,2.47,,4.00,1.38,
SVK,Slovak Republic,2003,0,1,0,2.31,2.79,,2.31,,4.00,1.38,
SVK,Slovak Republic,2004,0,1,0,2.22,2.66,,2.22,,3.75,0.63,
SVK,Slovak Republic,2005,0,1,0,2.22,2.66,,2.22,,3.75,0.63,
SVK,Slovak Republic,2006,0,1,0,2.22,2.66,,2.22,,3.75,0.63,
SVK,Slovak Republic,2007,0,1,0,2.22,2.66,,2.22,,3.75,0.63,
SVK,Slovak Republic,2008,0,1,0,2.22,2.66,2.63,2.22,2.19,3.75,1.63,2.17
SVK,Slovak Republic,2009,0,1,0,2.22,2.66,2.63,2.22,2.19,3.75,1.63,2.17
SVK,Slovak Republic,2010,0,1,0,2.22,2.66,2.63,2.22,2.19,3.75,1.63,2.17
SVK,Slovak Republic,2011,0,1,0,2.22,2.66,2.63,2.22,2.19,3.75,1.75,2.42
SVK,Slovak Republic,2012,0,1,0,1.71,2.19,2.16,1.71,1.68,3.38,1.63,2.29
SVK,Slovak Republic,2013,1,1,0,1.84,2.28,2.26,1.84,1.81,3.38,1.75,2.42
SVN,Slovenia,2008,0,1,0,2.65,2.86,2.70,2.65,2.43,3.38,1.81,2.50
SVN,Slovenia,2009,0,1,0,2.65,2.86,2.70,2.65,2.43,3.38,1.81,2.50
SVN,Slovenia,2010,0,1,0,2.65,2.86,2.70,2.65,2.43,3.38,1.81,2.50
SVN,Slovenia,2011,0,1,0,2.60,2.82,2.67,2.60,2.39,3.38,1.81,2.50
SVN,Slovenia,2012,0,1,0,2.60,2.82,2.67,2.60,2.39,3.38,1.81,2.50
SVN,Slovenia,2013,0,1,0,2.60,2.82,2.67,2.60,2.39,3.38,1.81,2.50
SVN,Slovenia,2014,1,1,0,2.16,2.51,2.39,2.16,1.99,3.38,1.50,2.13
ESP,Spain,1985,0,1,0,3.55,,,3.55,,,3.75,
ESP,Spain,1986,0,1,0,3.55,,,3.55,,,3.75,
ESP,Spain,1987,0,1,0,3.55,,,3.55,,,3.75,
ESP,Spain,1988,0,1,0,3.55,,,3.55,,,3.75,
ESP,Spain,1989,0,1,0,3.55,,,3.55,,,3.75,
ESP,Spain,1990,0,1,0,3.55,,,3.55,,,3.75,
ESP,Spain,1991,0,1,0,3.55,,,3.55,,,3.75,
ESP,Spain,1992,0,1,0,3.55,,,3.55,,,3.75,
ESP,Spain,1993,0,1,0,3.55,,,3.55,,,3.75,
ESP,Spain,1994,0,1,0,3.55,,,3.55,,,3.75,
ESP,Spain,1995,0,1,0,2.36,,,2.36,,,3.25,
ESP,Spain,1996,0,1,0,2.36,,,2.36,,,3.25,
ESP,Spain,1997,0,1,0,2.36,,,2.36,,,3.25,
ESP,Spain,1998,0,1,0,2.36,2.76,,2.36,,3.75,3.25,
ESP,Spain,1999,0,1,0,2.36,2.76,,2.36,,3.75,3.25,
ESP,Spain,2000,0,1,0,2.36,2.76,,2.36,,3.75,3.25,
ESP,Spain,2001,0,1,0,2.36,2.76,,2.36,,3.75,3.25,
ESP,Spain,2002,0,1,0,2.36,2.76,,2.36,,3.75,3.25,
ESP,Spain,2003,0,1,0,2.36,2.76,,2.36,,3.75,3.25,
ESP,Spain,2004,0,1,0,2.36,2.76,,2.36,,3.75,3.25,
ESP,Spain,2005,0,1,0,2.36,2.76,,2.36,,3.75,3.25,
ESP,Spain,2006,0,1,0,2.36,2.76,,2.36,,3.75,3.25,
ESP,Spain,2007,0,1,0,2.36,2.76,,2.36,,3.75,3.00,
ESP,Spain,2008,0,1,0,2.36,2.76,2.66,2.36,2.22,3.75,3.00,3.50
ESP,Spain,2009,0,1,0,2.36,2.76,2.66,2.36,2.22,3.75,3.00,3.50
ESP,Spain,2010,0,1,0,2.36,2.76,2.66,2.36,2.22,3.75,3.00,3.50
ESP,Spain,2011,0,1,0,2.21,2.65,2.56,2.21,2.08,3.75,2.56,3.17
ESP,Spain,2012,0,1,0,2.21,2.65,2.56,2.21,2.08,3.75,2.69,3.29
ESP,Spain,2013,1,1,0,2.05,2.43,2.36,2.05,1.95,3.38,2.56,3.17
SWE,Sweden,1985,0,1,0,2.80,,,2.80,,,4.08,
SWE,Sweden,1986,0,1,0,2.80,,,2.80,,,4.08,
SWE,Sweden,1987,0,1,0,2.80,,,2.80,,,4.08,
SWE,Sweden,1988,0,1,0,2.80,,,2.80,,,4.08,
SWE,Sweden,1989,0,1,0,2.80,,,2.80,,,4.08,
SWE,Sweden,1990,0,1,0,2.80,,,2.80,,,4.08,
SWE,Sweden,1991,0,1,0,2.80,,,2.80,,,4.08,
SWE,Sweden,1992,0,1,0,2.80,,,2.80,,,2.77,
SWE,Sweden,1993,0,1,0,2.80,,,2.80,,,2.77,
SWE,Sweden,1994,0,1,0,2.80,,,2.80,,,1.77,
SWE,Sweden,1995,0,1,0,2.80,,,2.80,,,1.77,
SWE,Sweden,1996,0,1,0,2.80,,,2.80,,,1.77,
SWE,Sweden,1997,0,1,0,2.70,,,2.70,,,1.44,
SWE,Sweden,1998,0,1,0,2.70,2.64,,2.70,,2.50,1.44,
SWE,Sweden,1999,0,1,0,2.65,2.61,,2.65,,2.50,1.44,
SWE,Sweden,2000,0,1,0,2.65,2.61,,2.65,,2.50,1.44,
SWE,Sweden,2001,0,1,0,2.65,2.61,,2.65,,2.50,1.44,
SWE,Sweden,2002,0,1,0,2.61,2.58,,2.61,,2.50,1.44,
SWE,Sweden,2003,0,1,0,2.61,2.58,,2.61,,2.50,1.44,
SWE,Sweden,2004,0,1,0,2.61,2.58,,2.61,,2.50,1.44,
SWE,Sweden,2005,0,1,0,2.61,2.58,,2.61,,2.50,1.44,
SWE,Sweden,2006,0,1,0,2.61,2.58,,2.61,,2.50,1.44,
SWE,Sweden,2007,0,1,0,2.61,2.58,,2.61,,2.50,1.44,
SWE,Sweden,2008,0,1,0,2.61,2.58,2.52,2.61,2.52,2.50,0.81,0.79
SWE,Sweden,2009,0,1,0,2.61,2.58,2.52,2.61,2.52,2.50,0.81,0.79
SWE,Sweden,2010,0,1,0,2.61,2.58,2.52,2.61,2.52,2.50,0.81,0.79
SWE,Sweden,2011,0,1,0,2.61,2.58,2.52,2.61,2.52,2.50,0.81,0.79
SWE,Sweden,2012,0,1,0,2.61,2.58,2.52,2.61,2.52,2.50,0.81,0.79
SWE,Sweden,2013,1,1,0,2.61,2.58,2.52,2.61,2.52,2.50,0.81,1.17
CHE,Switzerland,1985,0,1,0,1.60,,,1.60,,,1.13,
CHE,Switzerland,1986,0,1,0,1.60,,,1.60,,,1.13,
CHE,Switzerland,1987,0,1,0,1.60,,,1.60,,,1.13,
CHE,Switzerland,1988,0,1,0,1.60,,,1.60,,,1.13,
CHE,Switzerland,1989,0,1,0,1.60,,,1.60,,,1.13,
CHE,Switzerland,1990,0,1,0,1.60,,,1.60,,,1.13,
CHE,Switzerland,1991,0,1,0,1.60,,,1.60,,,1.13,
CHE,Switzerland,1992,0,1,0,1.60,,,1.60,,,1.13,
CHE,Switzerland,1993,0,1,0,1.60,,,1.60,,,1.13,
CHE,Switzerland,1994,0,1,0,1.60,,,1.60,,,1.13,
CHE,Switzerland,1995,0,1,0,1.60,,,1.60,,,1.13,
CHE,Switzerland,1996,0,1,0,1.60,,,1.60,,,1.13,
CHE,Switzerland,1997,0,1,0,1.60,,,1.60,,,1.13,
CHE,Switzerland,1998,0,1,0,1.60,2.18,,1.60,,3.63,1.13,
CHE,Switzerland,1999,0,1,0,1.60,2.18,,1.60,,3.63,1.13,
CHE,Switzerland,2000,0,1,0,1.60,2.18,,1.60,,3.63,1.13,
CHE,Switzerland,2001,0,1,0,1.60,2.18,,1.60,,3.63,1.13,
CHE,Switzerland,2002,0,1,0,1.60,2.18,,1.60,,3.63,1.13,
CHE,Switzerland,2003,0,1,0,1.60,2.18,,1.60,,3.63,1.13,
CHE,Switzerland,2004,0,1,0,1.60,2.18,,1.60,,3.63,1.13,
CHE,Switzerland,2005,0,1,0,1.60,2.18,,1.60,,3.63,1.13,
CHE,Switzerland,2006,0,1,0,1.60,2.18,,1.60,,3.63,1.13,
CHE,Switzerland,2007,0,1,0,1.60,2.18,,1.60,,3.63,1.13,
CHE,Switzerland,2008,0,1,0,1.60,2.18,2.10,1.60,1.50,3.63,1.13,1.38
CHE,Switzerland,2009,0,1,0,1.60,2.18,2.10,1.60,1.50,3.63,1.13,1.38
CHE,Switzerland,2010,0,1,0,1.60,2.18,2.10,1.60,1.50,3.63,1.13,1.38
CHE,Switzerland,2011,0,1,0,1.60,2.18,2.10,1.60,1.50,3.63,1.13,1.38
CHE,Switzerland,2012,0,1,0,1.60,2.18,2.10,1.60,1.50,3.63,1.13,1.38
CHE,Switzerland,2013,1,1,0,1.60,2.18,2.10,1.60,1.50,3.63,1.13,1.38
TUR,Turkey,1990,0,1,0,2.39,,,2.39,,,4.88,
TUR,Turkey,1991,0,1,0,2.39,,,2.39,,,4.88,
TUR,Turkey,1992,0,1,0,2.39,,,2.39,,,4.88,
TUR,Turkey,1993,0,1,0,2.39,,,2.39,,,4.88,
TUR,Turkey,1994,0,1,0,2.39,,,2.39,,,4.88,
TUR,Turkey,1995,0,1,0,2.39,,,2.39,,,4.88,
TUR,Turkey,1996,0,1,0,2.39,,,2.39,,,4.88,
TUR,Turkey,1997,0,1,0,2.39,,,2.39,,,4.88,
TUR,Turkey,1998,0,1,0,2.39,2.46,,2.39,,2.63,4.88,
TUR,Turkey,1999,0,1,0,2.39,2.46,,2.39,,2.63,4.88,
TUR,Turkey,2000,0,1,0,2.39,2.46,,2.39,,2.63,4.88,
TUR,Turkey,2001,0,1,0,2.39,2.46,,2.39,,2.63,4.88,
TUR,Turkey,2002,0,1,0,2.39,2.46,,2.39,,2.63,4.88,
TUR,Turkey,2003,0,1,0,2.39,2.46,,2.39,,2.63,4.88,
TUR,Turkey,2004,0,1,0,2.31,2.40,,2.31,,2.63,4.88,
TUR,Turkey,2005,0,1,0,2.31,2.40,,2.31,,2.63,4.88,
TUR,Turkey,2006,0,1,0,2.31,2.40,,2.31,,2.63,4.88,
TUR,Turkey,2007,0,1,0,2.31,2.40,,2.31,,2.63,4.88,
TUR,Turkey,2008,0,1,0,2.31,2.40,2.33,2.31,2.21,2.63,4.88,4.96
TUR,Turkey,2009,0,1,0,2.31,2.40,2.33,2.31,2.21,2.63,4.88,4.96
TUR,Turkey,2010,0,1,0,2.31,2.40,2.33,2.31,2.21,2.63,4.88,4.96
TUR,Turkey,2011,0,1,0,2.31,2.40,2.33,2.31,2.21,2.63,4.88,4.96
TUR,Turkey,2012,0,1,0,2.31,2.40,2.33,2.31,2.21,2.63,4.88,4.96
TUR,Turkey,2013,1,1,0,2.31,2.40,2.33,2.31,2.21,2.63,4.88,4.96
GBR,United Kingdom,1985,0,1,0,1.10,,,1.10,,,0.25,
GBR,United Kingdom,1986,0,1,0,1.10,,,1.10,,,0.25,
GBR,United Kingdom,1987,0,1,0,1.10,,,1.10,,,0.25,
GBR,United Kingdom,1988,0,1,0,1.10,,,1.10,,,0.25,
GBR,United Kingdom,1989,0,1,0,1.10,,,1.10,,,0.25,
GBR,United Kingdom,1990,0,1,0,1.10,,,1.10,,,0.25,
GBR,United Kingdom,1991,0,1,0,1.10,,,1.10,,,0.25,
GBR,United Kingdom,1992,0,1,0,1.10,,,1.10,,,0.25,
GBR,United Kingdom,1993,0,1,0,1.10,,,1.10,,,0.25,
GBR,United Kingdom,1994,0,1,0,1.10,,,1.10,,,0.25,
GBR,United Kingdom,1995,0,1,0,1.10,,,1.10,,,0.25,
GBR,United Kingdom,1996,0,1,0,1.10,,,1.10,,,0.25,
GBR,United Kingdom,1997,0,1,0,1.10,,,1.10,,,0.25,
GBR,United Kingdom,1998,0,1,0,1.10,1.60,,1.10,,2.88,0.25,
GBR,United Kingdom,1999,0,1,0,1.10,1.60,,1.10,,2.88,0.25,
GBR,United Kingdom,2000,0,1,0,1.26,1.72,,1.26,,2.88,0.25,
GBR,United Kingdom,2001,0,1,0,1.26,1.72,,1.26,,2.88,0.25,
GBR,United Kingdom,2002,0,1,0,1.26,1.72,,1.26,,2.88,0.25,
GBR,United Kingdom,2003,0,1,0,1.26,1.72,,1.26,,2.88,0.38,
GBR,United Kingdom,2004,0,1,0,1.26,1.72,,1.26,,2.88,0.38,
GBR,United Kingdom,2005,0,1,0,1.26,1.72,,1.26,,2.88,0.38,
GBR,United Kingdom,2006,0,1,0,1.26,1.72,,1.26,,2.88,0.38,
GBR,United Kingdom,2007,0,1,0,1.26,1.72,,1.26,,2.88,0.38,
GBR,United Kingdom,2008,0,1,0,1.26,1.72,1.76,1.26,1.31,2.88,0.38,0.42
GBR,United Kingdom,2009,0,1,0,1.26,1.72,1.76,1.26,1.31,2.88,0.38,0.42
GBR,United Kingdom,2010,0,1,0,1.26,1.72,1.76,1.26,1.31,2.88,0.38,0.42
GBR,United Kingdom,2011,0,1,0,1.26,1.72,1.76,1.26,1.31,2.88,0.38,0.42
GBR,United Kingdom,2012,0,1,0,1.26,1.72,1.76,1.26,1.31,2.88,0.38,0.54
GBR,United Kingdom,2013,0,1,0,1.10,1.60,1.66,1.10,1.18,2.88,0.38,0.54
GBR,United Kingdom,2014,1,1,0,1.10,1.53,1.59,1.10,1.18,2.63,0.38,0.54
USA,United States,1985,0,1,0,0.26,,,0.26,,,0.25,
USA,United States,1986,0,1,0,0.26,,,0.26,,,0.25,
USA,United States,1987,0,1,0,0.26,,,0.26,,,0.25,
USA,United States,1988,0,1,0,0.26,,,0.26,,,0.25,
USA,United States,1989,0,1,0,0.26,,,0.26,,,0.25,
USA,United States,1990,0,1,0,0.26,,,0.26,,,0.25,
USA,United States,1991,0,1,0,0.26,,,0.26,,,0.25,
USA,United States,1992,0,1,0,0.26,,,0.26,,,0.25,
USA,United States,1993,0,1,0,0.26,,,0.26,,,0.25,
USA,United States,1994,0,1,0,0.26,,,0.26,,,0.25,
USA,United States,1995,0,1,0,0.26,,,0.26,,,0.25,
USA,United States,1996,0,1,0,0.26,,,0.26,,,0.25,
USA,United States,1997,0,1,0,0.26,,,0.26,,,0.25,
USA,United States,1998,0,1,0,0.26,1.00,,0.26,,2.88,0.25,
USA,United States,1999,0,1,0,0.26,1.00,,0.26,,2.88,0.25,
USA,United States,2000,0,1,0,0.26,1.00,,0.26,,2.88,0.25,
USA,United States,2001,0,1,0,0.26,1.00,,0.26,,2.88,0.25,
USA,United States,2002,0,1,0,0.26,1.00,,0.26,,2.88,0.25,
USA,United States,2003,0,1,0,0.26,1.00,,0.26,,2.88,0.25,
USA,United States,2004,0,1,0,0.26,1.00,,0.26,,2.88,0.25,
USA,United States,2005,0,1,0,0.26,1.00,,0.26,,2.88,0.25,
USA,United States,2006,0,1,0,0.26,1.00,,0.26,,2.88,0.25,
USA,United States,2007,0,1,0,0.26,1.00,,0.26,,2.88,0.25,
USA,United States,2008,0,1,0,0.26,1.00,1.17,0.26,0.49,2.88,0.25,0.33
USA,United States,2009,0,1,0,0.26,1.00,1.17,0.26,0.49,2.88,0.25,0.33
USA,United States,2010,0,1,0,0.26,1.00,1.17,0.26,0.49,2.88,0.25,0.33
USA,United States,2011,0,1,0,0.26,1.00,1.17,0.26,0.49,2.88,0.25,0.33
USA,United States,2012,0,1,0,0.26,1.00,1.17,0.26,0.49,2.88,0.25,0.33
USA,United States,2013,1,1,0,0.26,1.00,1.17,0.26,0.49,2.88,0.25,0.33
ALB,Albania,2015,1,0,0,2.14,2.42,2.49,2.14,2.24,3.13,,
ARG,Argentina,2012,0,0,1,1.82,2.41,2.62,1.82,2.12,3.88,2.38,3.04
ARG,Argentina,2013,0,0,1,1.82,2.41,2.62,1.82,2.12,3.88,2.38,3.04
ARG,Argentina,2014,1,0,1,1.82,2.41,2.62,1.82,2.12,3.88,2.38,3.04
BHS,Bahamas,2014,1,0,1,1.94,1.38,1.50,1.94,2.10,0.00,0.25,0.17
BRB,Barbados,2014,1,0,1,1.39,1.71,1.72,1.39,1.41,2.50,0.25,0.17
BOL,Bolivia,2014,1,0,1,2.64,1.89,1.94,2.64,2.71,0.00,3.75,3.29
BIH,Bosnia-Herzegovina,2015,1,0,0,2.52,2.53,2.58,2.52,2.59,2.56,,
BRA,Brazil,2008,0,0,1,1.43,1.02,1.25,1.43,1.75,0.00,4.13,4.08
BRA,Brazil,2009,0,0,1,1.43,1.02,1.25,1.43,1.75,0.00,4.13,4.08
BRA,Brazil,2010,0,0,1,1.43,1.45,1.68,1.43,1.75,1.50,4.13,4.08
BRA,Brazil,2011,0,0,1,1.43,1.45,1.68,1.43,1.75,1.50,4.13,4.08
BRA,Brazil,2012,1,0,1,1.53,1.52,1.75,1.53,1.84,1.50,4.13,4.08
CHN,China,2008,0,0,0,3.26,2.97,2.86,3.26,3.11,2.25,1.75,1.88
CHN,China,2009,0,0,0,3.26,2.97,3.01,3.26,3.31,2.25,1.75,1.88
CHN,China,2010,0,0,0,3.26,2.97,3.01,3.26,3.31,2.25,1.75,1.88
CHN,China,2011,0,0,0,3.26,2.97,3.01,3.26,3.31,2.25,1.75,1.88
CHN,China,2012,1,0,0,3.26,2.97,3.01,3.26,3.31,2.25,1.75,1.88
COL,Colombia,2014,1,0,1,1.37,2.12,2.34,1.37,1.67,4.00,1.88,2.25
CRI,Costa Rica,2014,1,0,1,1.43,1.02,1.20,1.43,1.68,0.00,3.38,2.96
HRV,Croatia,2015,1,0,0,2.48,2.42,2.30,2.48,2.32,2.25,2.00,2.88
DOM,Dominican Republic,2014,1,0,1,1.91,1.36,1.40,1.91,1.96,0.00,2.25,2.13
ECU,Ecuador,2014,1,0,1,1.76,1.54,1.78,1.76,2.10,1.00,3.88,3.96
SLV,El Salvador,2014,1,0,1,1.68,1.20,1.21,1.68,1.70,0.00,2.38,2.25
MKD,Former Yugoslav Republic of Macedonia,2015,1,0,0,2.14,2.46,2.29,2.14,1.91,3.25,2.94,3.50
GTM,Guatemala,2014,1,0,1,1.47,1.05,1.02,1.47,1.42,0.00,2.38,2.25
HND,Honduras,2014,1,0,1,2.25,2.57,2.44,2.25,2.07,3.38,2.50,2.38
IND,India,2008,0,0,0,3.29,2.47,2.61,3.29,3.49,0.44,1.81,2.54
IND,India,2009,0,0,0,3.29,2.47,2.61,3.29,3.49,0.44,1.81,2.54
IND,India,2010,0,0,0,3.29,2.47,2.61,3.29,3.49,0.44,1.81,2.54
IND,India,2011,0,0,0,3.29,2.47,2.61,3.29,3.49,0.44,1.81,2.54
IND,India,2012,1,0,0,3.29,2.47,2.61,3.29,3.49,0.44,1.81,2.54
IDN,Indonesia,2008,0,0,0,4.08,2.91,2.95,4.08,4.13,0.00,2.75,2.96
IDN,Indonesia,2009,0,0,0,4.08,2.91,2.95,4.08,4.13,0.00,2.75,2.96
IDN,Indonesia,2010,0,0,0,4.08,2.91,2.95,4.08,4.13,0.00,2.75,2.96
IDN,Indonesia,2011,0,0,0,4.08,2.91,2.95,4.08,4.13,0.00,2.75,2.96
IDN,Indonesia,2012,1,0,0,4.08,2.91,2.95,4.08,4.13,0.00,2.75,2.96
JAM,Jamaica,2014,1,0,1,1.58,1.52,1.55,1.58,1.63,1.38,0.25,0.42
KAZ,Kazakhstan,2014,1,0,0,3.32,2.37,2.29,3.32,3.20,0.00,,
KAZ,Kazakhstan,2015,1,0,0,3.32,2.37,2.29,3.32,3.20,0.00,,
XKX,Kosovo,2011,0,0,0,1.67,2.08,2.08,1.67,1.67,3.13,,
XKX,Kosovo,2012,0,0,0,1.67,2.08,2.08,1.67,1.67,3.13,,
XKX,Kosovo,2013,0,0,0,1.67,2.08,2.08,1.67,1.67,3.13,,
XKX,Kosovo,2014,1,0,0,1.67,2.08,2.08,1.67,1.67,3.13,,
LVA,Latvia,2012,0,0,0,2.69,2.99,2.91,2.69,2.57,3.75,0.88,1.79
LVA,Latvia,2013,1,0,0,2.69,2.99,2.91,2.69,2.57,3.75,0.88,1.79
LTU,Lithuania,2014,0,0,0,2.45,2.57,2.42,2.45,2.23,2.88,2.38,3.21
LTU,Lithuania,2015,1,0,0,2.45,2.57,2.42,2.45,2.23,2.88,2.50,3.33
MYS,Malaysia,2013,1,0,0,2.84,2.03,1.93,2.84,2.71,0.00,0.38,0.29
MNE,Montenegro,2013,1,0,0,2.78,3.02,2.88,2.78,2.58,3.63,1.81,2.08
NIC,Nicaragua,2014,1,0,1,1.24,1.38,1.48,1.24,1.37,1.75,1.13,1.04
PAN,Panama,2014,1,0,1,2.35,1.68,1.73,2.35,2.43,0.00,4.50,4.29
PRY,Paraguay,2014,1,0,1,1.99,1.81,1.75,1.99,1.90,1.38,1.75,1.67
PER,Peru,2014,1,0,1,1.75,2.32,2.21,1.75,1.60,3.75,2.25,2.88
RUS,Russian Federation,2008,0,0,0,3.06,2.62,2.47,3.06,2.86,1.50,1.13,1.25
RUS,Russian Federation,2009,0,0,0,3.06,2.62,2.47,3.06,2.86,1.50,1.13,1.25
RUS,Russian Federation,2010,0,0,0,3.06,2.62,2.47,3.06,2.86,1.50,1.13,1.25
RUS,Russian Federation,2011,0,0,0,3.06,2.62,2.47,3.06,2.86,1.50,1.13,1.25
RUS,Russian Federation,2012,1,0,0,3.06,2.62,2.47,3.06,2.86,1.50,1.13,1.25
SAU,Saudi Arabia,2008,0,0,0,1.37,0.98,1.15,1.37,1.61,0.00,3.38,3.46
SAU,Saudi Arabia,2009,0,0,0,1.37,0.98,1.15,1.37,1.61,0.00,3.38,3.46
SAU,Saudi Arabia,2010,0,0,0,1.37,0.98,1.15,1.37,1.61,0.00,3.38,3.46
SAU,Saudi Arabia,2011,0,0,0,1.37,0.98,1.15,1.37,1.61,0.00,3.38,3.46
SAU,Saudi Arabia,2012,1,0,0,1.37,0.98,1.15,1.37,1.61,0.00,3.38,3.46
SRB,Serbia,2015,1,0,0,1.70,2.25,2.23,1.70,1.67,3.63,,
ZAF,South Africa,2008,0,0,0,2.16,2.08,2.01,2.16,2.06,1.88,0.50,0.58
ZAF,South Africa,2009,0,0,0,2.16,2.08,2.01,2.16,2.06,1.88,0.50,0.58
ZAF,South Africa,2010,0,0,0,2.16,2.08,2.01,2.16,2.06,1.88,0.50,0.58
ZAF,South Africa,2011,0,0,0,2.16,2.08,2.01,2.16,2.06,1.88,0.50,0.58
ZAF,South Africa,2012,1,0,0,2.16,2.08,2.01,2.16,2.06,1.88,0.50,0.58
THA,Thailand,2011,0,0,0,2.92,2.09,2.17,2.92,3.03,0.00,2.75,3.67
THA,Thailand,2012,0,0,0,2.92,2.09,2.17,2.92,3.03,0.00,2.75,3.67
THA,Thailand,2013,0,0,0,2.92,2.09,2.17,2.92,3.03,0.00,2.75,3.67
THA,Thailand,2014,1,0,0,2.92,2.09,2.17,2.92,3.03,0.00,2.75,3.67
TUN,Tunisia,2013,1,0,0,2.54,1.82,1.95,2.54,2.73,0.00,0.63,0.54
URY,Uruguay,2014,1,0,1,1.72,1.83,1.99,1.72,1.93,2.13,4.25,4.54
VEN,Venezuela,2014,1,0,1,3.50,3.50,3.50,3.50,3.50,3.50,5.13,5.21
OECD,OECD,2008,0,,,2.17,2.37,2.36,2.17,2.15,2.89,1.75,2.06
OECD,OECD,2009,0,,,2.16,2.37,2.36,2.16,2.14,2.89,1.75,2.06
OECD,OECD,2010,0,,,2.15,2.37,2.36,2.15,2.13,2.92,1.76,2.07
OECD,OECD,2011,0,,,2.12,2.35,2.34,2.12,2.11,2.92,1.74,2.07
OECD,OECD,2012,0,,,2.08,2.32,2.31,2.08,2.07,2.91,1.74,2.09
OECD,OECD,2013,1,,,2.04,2.29,2.28,2.04,2.04,2.90,1.72,2.08